{
    "metadata": {
        "mode": "replay_stateful",
        "exercise": 1,
        "batch_size": 32,
        "epochs_per_task": 5,
        "learning_rate": 0.0001
    },
    "task_metrics": {
        "subject_1": {
            "loss": 2.4551314082410602,
            "accuracy": 0.1956521739130435
        },
        "subject_2": {
            "loss": 1.87750527014335,
            "accuracy": 0.5475982532751091
        },
        "subject_3": {
            "loss": 1.994062375691202,
            "accuracy": 0.34497816593886466
        },
        "subject_4": {
            "loss": 2.456200627817048,
            "accuracy": 0.22057541412380122
        },
        "subject_5": {
            "loss": 2.2218632019228406,
            "accuracy": 0.3641114982578397
        },
        "subject_6": {
            "loss": 2.394227703412374,
            "accuracy": 0.2536924413553432
        },
        "subject_7": {
            "loss": 3.225465820895301,
            "accuracy": 0.13251961639058413
        },
        "subject_8": {
            "loss": 1.7157306969165802,
            "accuracy": 0.3876306620209059
        },
        "subject_9": {
            "loss": 3.430245111385981,
            "accuracy": 0.14285714285714285
        },
        "subject_10": {
            "loss": 2.8333173675669565,
            "accuracy": 0.23801220575414123
        },
        "subject_11": {
            "loss": 2.5849015375392304,
            "accuracy": 0.4142732811140122
        },
        "subject_12": {
            "loss": 1.7617880499197378,
            "accuracy": 0.48738033072236725
        },
        "subject_13": {
            "loss": 1.534878048217959,
            "accuracy": 0.5892080069625761
        },
        "subject_14": {
            "loss": 2.396189901563856,
            "accuracy": 0.3007846556233653
        },
        "subject_15": {
            "loss": 1.432455646427902,
            "accuracy": 0.6404494382022472
        },
        "subject_16": {
            "loss": 1.5299668593986615,
            "accuracy": 0.621317157712305
        },
        "subject_17": {
            "loss": 1.3405204713344574,
            "accuracy": 0.5708117443868739
        },
        "subject_18": {
            "loss": 1.7721327317727578,
            "accuracy": 0.5767562879444926
        },
        "subject_19": {
            "loss": 1.5870433651112221,
            "accuracy": 0.5701906412478336
        },
        "subject_20": {
            "loss": 0.6137836950050818,
            "accuracy": 0.8902333621434745
        },
        "subject_21": {
            "loss": 0.7356492967621701,
            "accuracy": 0.8533218291630716
        },
        "subject_22": {
            "loss": 1.1431515566199213,
            "accuracy": 0.6456896551724138
        },
        "subject_23": {
            "loss": 1.0955135175907933,
            "accuracy": 0.6603119584055459
        },
        "subject_24": {
            "loss": 0.5454126409179455,
            "accuracy": 0.8584987057808455
        },
        "subject_25": {
            "loss": 0.7135489121884913,
            "accuracy": 0.8089887640449438
        },
        "subject_26": {
            "loss": 0.6999183176337062,
            "accuracy": 0.7892918825561313
        },
        "subject_27": {
            "loss": 1.351520787510607,
            "accuracy": 0.525674499564839
        }
    }
}